Workbook

Sheet Dashboard
A1: Recruitment & Hiring Dashboard
A2: Pipeline status and hiring metrics — updates automatically from the Candidate Tracker sheet
A4: Total Candidates | C4: Screening Passed | E4: Interviews Completed | G4: Offers Extended | I4: Hired | K4: In Pipeline
A5: =COUNTA('Candidate Tracker'!$A$4:$A$153) -> 30 | C5: =COUNTIF('Candidate Tracker'!$F$4:$F$153,"Passed") -> 19 | E5: =COUNTIF('Candidate Tracker'!$H$4:$H$153,"Completed") -> 9 | G5: =COUNTIFS('Candidate Tracker'!$M$4:$M$153,"<>Not Applicable",'Candidate Tracker'!$M$4:$M$153,"<>") -> 7 | I5: =COUNTIF('Candidate Tracker'!$N$4:$N$153,"Hired") -> 4 | K5: =COUNTIF('Candidate Tracker'!$N$4:$N$153,"In Pipeline") -> 18
A9: Hiring Pipeline Funnel | F9: Key Conversion Rates
A10: Stage | B10: Count | C10: % of Applied | F10: Metric | H10: Rate
A11: Applied | B11: =COUNTA('Candidate Tracker'!$A$4:$A$153) -> 30 | C11: =IFERROR(B11/$B$11,0) -> 1 | F11: Screening Pass Rate | H11: =IFERROR(COUNTIF('Candidate Tracker'!$F$4:$F$153,"Passed")/COUNTA('Candidate Tracker'!$A$4:$A$153),0) -> 0.63333333
A12: Screened (Passed) | B12: =COUNTIF('Candidate Tracker'!$F$4:$F$153,"Passed") -> 19 | C12: =IFERROR(B12/$B$11,0) -> 0.63333333 | F12: Interview Completion Rate | H12: =IFERROR(COUNTIF('Candidate Tracker'!$H$4:$H$153,"Completed")/COUNTIF('Candidate Tracker'!$F$4:$F$153,"Passed"),0) -> 0.47368421
A13: Interview Completed | B13: =COUNTIF('Candidate Tracker'!$H$4:$H$153,"Completed") -> 9 | C13: =IFERROR(B13/$B$11,0) -> 0.3 | F13: Offer Rate (of Interviewed) | H13: =IFERROR(COUNTIFS('Candidate Tracker'!$M$4:$M$153,"<>Not Applicable",'Candidate Tracker'!$M$4:$M$153,"<>")/COUNTIF('Candidate Tracker'!$H$4:$H$153,"Completed"),0) -> 0.77777778
A14: Offer Extended | B14: =COUNTIFS('Candidate Tracker'!$M$4:$M$153,"<>Not Applicable",'Candidate Tracker'!$M$4:$M$153,"<>") -> 7 | C14: =IFERROR(B14/$B$11,0) -> 0.23333333 | F14: Acceptance Rate (of Offers) | H14: =IFERROR(COUNTIF('Candidate Tracker'!$M$4:$M$153,"Offer Accepted")/COUNTIFS('Candidate Tracker'!$M$4:$M$153,"<>Not Applicable",'Candidate Tracker'!$M$4:$M$153,"<>"),0) -> 0.57142857
A15: Hired | B15: =COUNTIF('Candidate Tracker'!$N$4:$N$153,"Hired") -> 4 | C15: =IFERROR(B15/$B$11,0) -> 0.13333333 | F15: Overall Hire Rate | H15: =IFERROR(COUNTIF('Candidate Tracker'!$N$4:$N$153,"Hired")/COUNTA('Candidate Tracker'!$A$4:$A$153),0) -> 0.13333333
A18: Candidates by Sourcing Channel | E18: Screening Status | H18: Interview Stage | K18: Final Outcome
A19: Channel | B19: Count | E19: Status | F19: Count | H19: Stage | I19: Count | K19: Outcome | L19: Count
A20: LinkedIn | B20: =COUNTIF('Candidate Tracker'!$D$4:$D$153,A20) -> 5 | E20: Passed | F20: =COUNTIF('Candidate Tracker'!$F$4:$F$153,E20) -> 19 | H20: Not Scheduled | I20: =COUNTIF('Candidate Tracker'!$H$4:$H$153,$H$20) -> 11 | K20: In Pipeline | L20: =COUNTIF('Candidate Tracker'!$N$4:$N$153,$K$20) -> 18
A21: Employee Referral | B21: =COUNTIF('Candidate Tracker'!$D$4:$D$153,A21) -> 6 | E21: Rejected | F21: =COUNTIF('Candidate Tracker'!$F$4:$F$153,E21) -> 5 | H21: HR Round | I21: =COUNTIF('Candidate Tracker'!$H$4:$H$153,$H$21) -> 3 | K21: Hired | L21: =COUNTIF('Candidate Tracker'!$N$4:$N$153,$K$21) -> 4
A22: Naukri.com | B22: =COUNTIF('Candidate Tracker'!$D$4:$D$153,A22) -> 4 | E22: In Progress | F22: =COUNTIF('Candidate Tracker'!$F$4:$F$153,E22) -> 3 | H22: Technical Round | I22: =COUNTIF('Candidate Tracker'!$H$4:$H$153,$H$22) -> 3 | K22: Rejected | L22: =COUNTIF('Candidate Tracker'!$N$4:$N$153,$K$22) -> 7
A23: Company Website | B23: =COUNTIF('Candidate Tracker'!$D$4:$D$153,A23) -> 2 | E23: Not Started | F23: =COUNTIF('Candidate Tracker'!$F$4:$F$153,E23) -> 3 | H23: Managerial Round | I23: =COUNTIF('Candidate Tracker'!$H$4:$H$153,$H$23) -> 2 | K23: Withdrawn | L23: =COUNTIF('Candidate Tracker'!$N$4:$N$153,$K$23) -> 1
A24: Campus Drive | B24: =COUNTIF('Candidate Tracker'!$D$4:$D$153,A24) -> 5 | H24: Final Round | I24: =COUNTIF('Candidate Tracker'!$H$4:$H$153,$H$24) -> 2
A25: Indeed | B25: =COUNTIF('Candidate Tracker'!$D$4:$D$153,A25) -> 6 | H25: Completed | I25: =COUNTIF('Candidate Tracker'!$H$4:$H$153,$H$25) -> 9
A26: Recruitment Agency | B26: =COUNTIF('Candidate Tracker'!$D$4:$D$153,A26) -> 2
A65: All figures are calculated automatically from the Candidate Tracker sheet using COUNTIF/COUNTIFS formulas. Update or add rows there and this dashboard refreshes.

Sheet Candidate Tracker
A1: Recruitment Candidate Tracker
A2: Mock hiring pipeline log — sourcing, screening, interview, and follow-up stages | Editable cells: rows 4+
A3: Candidate ID | B3: Candidate Name | C3: Position Applied | D3: Sourcing Channel | E3: Application Date | F3: Screening Status | G3: Screening Date | H3: Interview Stage | I3: Interview Date | J3: Interviewer | K3: Follow-up Status | L3: Follow-up Date | M3: Offer Status | N3: Final Outcome | O3: Notes
A4: CAND-1001 | B4: Aditya Trivedi | C4: Business Analyst | D4: LinkedIn | E4: 46146 | F4: Not Started | H4: Not Scheduled | K4: Pending | M4: Not Applicable | N4: In Pipeline | O4: Good culture fit
A5: CAND-1002 | B5: Diya Nair | C5: Sales Executive | D5: Campus Drive | E5: 46146 | F5: In Progress | G5: 46154 | H5: Not Scheduled | K5: Pending | M5: Not Applicable | N5: In Pipeline | O5: Excellent communication skills
A6: CAND-1003 | B6: Karan Joshi | C6: Finance Associate | D6: Naukri.com | E6: 46148 | F6: Rejected | G6: 46155 | H6: Not Scheduled | K6: No Response | M6: Not Applicable | N6: Rejected | O6: High potential, fast-track
A7: CAND-1004 | B7: Aditya Gupta | C7: Customer Success Manager | D7: Recruitment Agency | E7: 46151 | F7: Passed | G7: 46159 | H7: Completed | I7: 46171 | J7: Rohit Sinha | K7: Completed | L7: 46173 | M7: Offer Accepted | N7: Hired
A8: CAND-1005 | B8: Kabir Iyer | C8: Digital Marketing Specialist | D8: LinkedIn | E8: 46154 | F8: Rejected | G8: 46160 | H8: Not Scheduled | K8: No Response | M8: Not Applicable | N8: Rejected | O8: Good culture fit
A9: CAND-1006 | B9: Kiara Menon | C9: Finance Associate | D9: Employee Referral | E9: 46162 | F9: Passed | G9: 46167 | H9: Completed | I9: 46179 | J9: Rohit Sinha | K9: Completed | L9: 46179 | M9: Offer Accepted | N9: Hired | O9: Backup candidate for role
A10: CAND-1007 | B10: Aman Malhotra | C10: HR Executive | D10: Indeed | E10: 46163 | F10: Passed | G10: 46173 | H10: Managerial Round | I10: 46179 | J10: Sunita Rao | K10: Pending | M10: Not Applicable | N10: In Pipeline | O10: Good culture fit
A11: CAND-1008 | B11: Sneha Trivedi | C11: Business Analyst | D11: Naukri.com | E11: 46171 | F11: Passed | G11: 46173 | H11: Technical Round | I11: 46181 | J11: Karan Mehta | K11: Scheduled | L11: 46182 | M11: Not Applicable | N11: In Pipeline | O11: Strong technical fundamentals
A12: CAND-1009 | B12: Simran Nair | C12: UI/UX Designer | D12: LinkedIn | E12: 46172 | F12: Rejected | G12: 46173 | H12: Not Scheduled | K12: No Response | M12: Not Applicable | N12: Rejected | O12: Requires second technical round
A13: CAND-1010 | B13: Rahul Kapoor | C13: UI/UX Designer | D13: Employee Referral | E13: 46174 | F13: Passed | G13: 46182 | H13: Technical Round | I13: 46190 | J13: Ananya Das | K13: Scheduled | L13: 46199 | M13: Not Applicable | N13: In Pipeline | O13: Requires second technical round
A14: CAND-1011 | B14: Kabir Trivedi | C14: Finance Associate | D14: Company Website | E14: 46174 | F14: Passed | G14: 46181 | H14: Completed | I14: 46193 | J14: Karan Mehta | K14: No Response | M14: Not Applicable | N14: Rejected | O14: Excellent communication skills
A15: CAND-1012 | B15: Pooja Malhotra | C15: Sales Executive | D15: Recruitment Agency | E15: 46177 | F15: Passed | G15: 46187 | H15: Final Round | I15: 46192 | J15: Priya Nair | K15: Scheduled | L15: 46196 | M15: Not Applicable | N15: In Pipeline | O15: Requires second technical round
A16: CAND-1013 | B16: Varun Malhotra | C16: Software Engineer | D16: Indeed | E16: 46178 | F16: Not Started | H16: Not Scheduled | K16: Pending | M16: Not Applicable | N16: In Pipeline | O16: Excellent communication skills
A17: CAND-1014 | B17: Ishaan Chopra | C17: Data Analyst | D17: Campus Drive | E17: 46180 | F17: Rejected | G17: 46190 | H17: Not Scheduled | K17: No Response | M17: Not Applicable | N17: Rejected | O17: Backup candidate for role
A18: CAND-1015 | B18: Vikram Pillai | C18: Product Manager | D18: Indeed | E18: 46184 | F18: Passed | G18: 46184 | H18: HR Round | I18: 46187 | J18: Priya Nair | K18: Scheduled | L18: 46192 | M18: Not Applicable | N18: In Pipeline | O18: Requires second technical round
A19: CAND-1016 | B19: Rohan Desai | C19: Software Engineer | D19: LinkedIn | E19: 46189 | F19: Passed | G19: 46193 | H19: Completed | I19: 46196 | J19: Priya Nair | K19: Completed | L19: 46199 | M19: Offer Accepted | N19: Hired | O19: Backup candidate for role
A20: CAND-1017 | B20: Myra Agarwal | C20: Digital Marketing Specialist | D20: Employee Referral | E20: 46190 | F20: Passed | G20: 46195 | H20: HR Round | I20: 46198 | J20: Ananya Das | K20: Scheduled | L20: 46208 | M20: Not Applicable | N20: In Pipeline
A21: CAND-1018 | B21: Manav Sharma | C21: HR Executive | D21: Indeed | E21: 46197 | F21: In Progress | G21: 46202 | H21: Not Scheduled | K21: Pending | M21: Not Applicable | N21: In Pipeline | O21: Awaiting manager feedback
A22: CAND-1019 | B22: Ishaan Malhotra | C22: Business Analyst | D22: Naukri.com | E22: 46197 | F22: Passed | G22: 46203 | H22: Completed | I22: 46210 | J22: Priya Nair | K22: No Response | M22: Not Applicable | N22: Rejected
A23: CAND-1020 | B23: Neha Joshi | C23: Customer Success Manager | D23: Campus Drive | E23: 46200 | F23: Passed | G23: 46201 | H23: Completed | I23: 46204 | J23: Rohit Sinha | K23: Completed | L23: 46205 | M23: Offer Declined | N23: Withdrawn | O23: Referred by internal team
A24: CAND-1021 | B24: Yash Pillai | C24: Business Analyst | D24: Employee Referral | E24: 46200 | F24: In Progress | G24: 46209 | H24: Not Scheduled | K24: Pending | M24: Not Applicable | N24: In Pipeline | O24: Awaiting manager feedback
A25: CAND-1022 | B25: Aditya Verma | C25: Digital Marketing Specialist | D25: LinkedIn | E25: 46208 | F25: Passed | G25: 46211 | H25: Completed | I25: 46215 | J25: Karan Mehta | K25: Completed | L25: 46218 | M25: On Hold | N25: In Pipeline | O25: High potential, fast-track
A26: CAND-1023 | B26: Neha Chopra | C26: Finance Associate | D26: Company Website | E26: 46210 | F26: Passed | G26: 46214 | H26: Managerial Round | I26: 46222 | J26: Priya Nair | K26: Pending | M26: Not Applicable | N26: In Pipeline
A27: CAND-1024 | B27: Sanjay Pillai | C27: HR Executive | D27: Naukri.com | E27: 46210 | F27: Passed | G27: 46219 | H27: Completed | I27: 46225 | J27: Rohit Sinha | K27: Completed | L27: 46228 | M27: Offer Accepted | N27: Hired | O27: Awaiting manager feedback
A28: CAND-1025 | B28: Aarav Trivedi | C28: Sales Executive | D28: Employee Referral | E28: 46218 | F28: Passed | G28: 46221 | H28: Completed | I28: 46221 | J28: Priya Nair | K28: Completed | L28: 46221 | M28: On Hold | N28: In Pipeline | O28: Excellent communication skills
A29: CAND-1026 | B29: Sneha Joshi | C29: Finance Associate | D29: Employee Referral | E29: 46233 | F29: Rejected | G29: 46234 | H29: Not Scheduled | K29: No Response | M29: Not Applicable | N29: Rejected | O29: Strong technical fundamentals
A30: CAND-1027 | B30: Myra Gupta | C30: Product Manager | D30: Campus Drive | E30: 46234 | F30: Passed | G30: 46239 | H30: Technical Round | I30: 46240 | J30: Karan Mehta | K30: Scheduled | L30: 46243 | M30: Not Applicable | N30: In Pipeline
A31: CAND-1028 | B31: Ananya Agarwal | C31: Software Engineer | D31: Indeed | E31: 46235 | F31: Passed | G31: 46239 | H31: Final Round | I31: 46243 | J31: Rohit Sinha | K31: Scheduled | L31: 46243 | M31: Not Applicable | N31: In Pipeline
A32: CAND-1029 | B32: Aditya Saxena | C32: HR Executive | D32: Campus Drive | E32: 46236 | F32: Passed | G32: 46239 | H32: HR Round | I32: 46240 | J32: Karan Mehta | K32: Scheduled | L32: 46243 | M32: Not Applicable | N32: In Pipeline | O32: Awaiting manager feedback
A33: CAND-1030 | B33: Saanvi Kapoor | C33: Data Analyst | D33: Indeed | E33: 46237 | F33: Not Started | H33: Not Scheduled | K33: Pending | M33: Not Applicable | N33: In Pipeline | O33: High potential, fast-track
